,SRP_mean_error,MUSIC_mean_error,TOPS_mean_error,NormMUSIC_mean_error,WAVES_mean_error
0,65.81559901499945,93.22792544232217,67.57583162901696,77.80933266933155,60.50290229516217
