,SRP_mean_error,MUSIC_mean_error,TOPS_mean_error,NormMUSIC_mean_error,WAVES_mean_error
0,78.99252851018461,97.32169293457899,90.87194484380453,80.17952301138253,81.59361089750799
