,SRP_mean_error,MUSIC_mean_error,TOPS_mean_error,NormMUSIC_mean_error,WAVES_mean_error
0,37.16234429146362,49.910182975356115,37.85794358929507,41.8181578526471,48.50075699729071
