,SRP_mean_error,MUSIC_mean_error,TOPS_mean_error,NormMUSIC_mean_error,WAVES_mean_error
0,83.19963355526963,90.2159461263363,83.41734477116267,83.50617070186229,89.858914904603
