,SRP_mean_error,MUSIC_mean_error,TOPS_mean_error,NormMUSIC_mean_error,WAVES_mean_error
0,80.68973417772987,86.78672667884139,80.09381861541608,76.9449965328813,83.03247069231719
