,SRP_mean_error,MUSIC_mean_error,TOPS_mean_error,NormMUSIC_mean_error,WAVES_mean_error
0,87.68423488167527,88.59046637616224,83.70106474229426,86.5481787222042,89.63547179438957
