,SRP_mean_error,MUSIC_mean_error,TOPS_mean_error,NormMUSIC_mean_error,WAVES_mean_error
0,76.26883874325576,79.39199990188328,75.61307364396879,78.77470066947502,79.68194169919644
