,SRP_mean_error,MUSIC_mean_error,TOPS_mean_error,NormMUSIC_mean_error,WAVES_mean_error
0,54.90934977880186,67.2499585411945,56.25115542773045,59.732804195368146,76.62409592952653
